City_ID,City,Country,Date,Lat,Lng,Max Temp,Humidity,Cloudiness,Wind Speed
0,The Valley,AI,2021-05-24 17:00:47,18.217,-63.0578,85.1,76,20,15.55
1,Praia Da Vitoria,PT,2021-05-24 17:00:48,38.7333,-27.0667,66.76,64,100,13.11
2,Albany,US,2021-05-24 17:00:48,42.6001,-73.9662,70.66,39,73,6.17
3,Genhe,CN,2021-05-24 17:00:48,50.7833,121.5167,32.74,96,100,1.25
4,Iwaki,JP,2021-05-24 17:00:49,37.05,140.8833,65.01,94,48,1.01
5,Cidreira,BR,2021-05-24 17:00:49,-30.1811,-50.2056,59.81,62,72,22.01
6,Mataura,NZ,2021-05-24 17:00:49,-46.1927,168.8643,31.53,98,5,2.71
7,Kargasok,RU,2021-05-24 17:00:50,59.0556,80.8572,56.05,62,99,6.29
8,Guerrero Negro,MX,2021-05-24 17:00:50,27.9769,-114.0611,69.51,57,63,8.08
9,Avarua,CK,2021-05-24 17:00:50,-21.2078,-159.775,80.65,89,75,11.5
10,Maniitsoq,GL,2021-05-24 17:00:51,65.4167,-52.9,30.97,84,100,15.1
11,Ugoofaaru,MV,2021-05-24 17:00:51,5.6667,73.0,83.68,77,100,22.3
12,Nsanje,MW,2021-05-24 17:00:51,-16.92,35.262,68.18,64,59,6.06
13,Basco,PH,2021-05-24 17:00:52,20.4487,121.9702,83.39,78,12,9.08
14,Tiksi,RU,2021-05-24 17:00:52,71.6872,128.8694,34.52,71,99,9.31
15,Rikitea,PF,2021-05-24 17:00:52,-23.1203,-134.9692,75.25,85,88,16.33
16,Hirara,JP,2021-05-24 17:00:53,24.8,125.2833,79.9,85,15,9.44
17,Yellowknife,CA,2021-05-24 16:58:19,62.456,-114.3525,38.32,51,1,5.01
18,Bredasdorp,ZA,2021-05-24 17:00:53,-34.5322,20.0403,57.27,78,100,4.76
19,Hithadhoo,MV,2021-05-24 17:00:54,-0.6,73.0833,84.38,71,100,14.36
20,Thompson,CA,2021-05-24 17:00:30,55.7435,-97.8558,62.35,45,100,8.57
21,Port Alfred,ZA,2021-05-24 17:00:54,-33.5906,26.891,74.55,38,56,10.47
22,Chakradharpur,IN,2021-05-24 17:00:54,22.7,85.6333,83.75,67,100,7.54
23,East London,ZA,2021-05-24 17:00:55,-33.0153,27.9116,74.34,43,0,5.75
24,Hambantota,LK,2021-05-24 17:00:55,6.1241,81.1185,81.34,83,100,20.47
25,Nemuro,JP,2021-05-24 17:00:55,43.3236,145.575,44.29,93,97,3.56
26,Isangel,VU,2021-05-24 17:00:56,-19.55,169.2667,70.34,70,50,9.46
27,Ambon,ID,2021-05-24 17:00:56,-3.6954,128.1814,80.06,83,100,5.3
28,Upernavik,GL,2021-05-24 17:00:56,72.7868,-56.1549,32.2,74,33,7.43
29,Nola,IT,2021-05-24 17:00:57,40.922,14.5329,79.36,22,28,8.99
30,Bethel,US,2021-05-24 17:00:57,41.3712,-73.414,68.09,58,99,1.01
31,Hobart,AU,2021-05-24 17:00:57,-42.8794,147.3294,57.11,85,94,1.01
32,Kungurtug,RU,2021-05-24 17:00:58,50.5994,97.5228,42.22,97,100,3.22
33,Ushuaia,AR,2021-05-24 17:00:58,-54.8,-68.3,33.4,90,100,13.2
34,Yar-Sale,RU,2021-05-24 17:00:58,66.8333,70.8333,38.25,53,69,8.1
35,Alwaye,IN,2021-05-24 17:00:59,10.1167,76.35,80.55,94,20,3.44
36,Wlodawa,PL,2021-05-24 16:56:08,51.55,23.55,66.51,65,69,4.7
37,Strijen,NL,2021-05-24 17:00:59,51.7452,4.5508,57.99,87,94,7.0
38,Atuona,PF,2021-05-24 17:00:59,-9.8,-139.0333,79.88,77,61,19.71
39,Qaanaaq,GL,2021-05-24 17:01:00,77.484,-69.3632,32.83,71,11,6.58
40,Husavik,IS,2021-05-24 16:57:13,66.0449,-17.3389,46.31,71,96,10.89
41,Te Anau,NZ,2021-05-24 17:01:00,-45.4167,167.7167,32.86,93,29,0.85
42,Ippy,CF,2021-05-24 17:01:01,6.2679,21.2247,76.64,77,81,3.69
43,Ampanihy,MG,2021-05-24 17:01:01,-24.7,44.75,65.21,82,49,8.46
44,Padang,ID,2021-05-24 17:00:55,-0.9492,100.3543,78.53,87,76,3.22
45,Vanimo,PG,2021-05-24 17:01:02,-2.6741,141.3028,77.76,89,81,2.26
46,Acari,PE,2021-05-24 17:01:03,-15.4311,-74.6158,78.75,47,98,5.93
47,Kodiak,US,2021-05-24 17:01:03,57.79,-152.4072,47.77,69,0,4.5
48,Liwale,TZ,2021-05-24 17:01:04,-9.7667,37.9333,64.17,82,26,5.84
49,Port Elizabeth,ZA,2021-05-24 16:57:46,-33.918,25.5701,76.1,35,0,4.61
50,Saint-Philippe,RE,2021-05-24 17:01:04,-21.3585,55.7679,71.19,84,82,14.94
51,Nouadhibou,MR,2021-05-24 17:01:05,20.931,-17.0347,67.53,78,0,28.77
52,Ikere,NG,2021-05-24 16:58:13,7.4913,5.2322,86.97,55,72,3.6
53,Zhangye,CN,2021-05-24 17:01:06,38.9342,100.4517,61.5,18,98,4.65
54,Timra,SE,2021-05-24 17:01:06,62.487,17.3257,51.51,61,0,13.8
55,Bengkulu,ID,2021-05-24 17:01:06,-3.8004,102.2655,77.29,89,63,4.05
56,Tromso,NO,2021-05-24 17:01:07,69.6496,18.957,47.05,45,20,11.5
57,Tuatapere,NZ,2021-05-24 17:01:07,-46.1333,167.6833,34.29,93,10,4.83
58,Vaini,TO,2021-05-24 17:01:07,-21.2,-175.2,75.45,65,100,9.6
59,Erzin,TR,2021-05-24 17:01:08,36.9559,36.2,79.32,62,0,7.38
60,Cape Town,ZA,2021-05-24 16:57:46,-33.9258,18.4232,65.08,80,0,1.01
61,Amberley,US,2021-05-24 17:01:08,39.2048,-84.428,87.4,48,1,4.0
62,Essex,US,2021-05-24 16:58:40,40.7834,-74.2163,67.95,47,90,3.0
63,Zhicheng,CN,2021-05-24 17:01:09,30.2956,111.5047,70.77,65,98,2.77
64,Chokurdakh,RU,2021-05-24 17:01:09,70.6333,147.9167,20.55,99,80,4.92
65,Balabac,PH,2021-05-24 17:01:09,7.9868,117.0645,80.53,79,23,3.27
66,Ribeira Grande,PT,2021-05-24 17:01:10,38.5167,-28.7,66.6,68,40,16.11
67,Along,IN,2021-05-24 17:01:10,28.1667,94.7667,75.07,93,21,2.48
68,Erenhot,CN,2021-05-24 17:01:10,43.6475,111.9767,50.23,33,81,14.67
69,Holetown,BB,2021-05-24 17:01:11,13.1867,-59.6381,81.63,68,54,18.7
70,Georgetown,MY,2021-05-24 16:58:52,5.4112,100.3354,84.15,80,20,1.99
71,Nikolskoye,RU,2021-05-24 17:01:11,59.7035,30.7861,58.89,64,8,7.65
72,Neuquen,AR,2021-05-24 17:01:11,-38.9516,-68.0591,62.69,41,86,28.43
73,Longyearbyen,SJ,2021-05-24 16:56:22,78.2186,15.6401,30.04,69,40,12.66
74,Tessalit,ML,2021-05-24 17:01:12,20.1986,1.0114,107.98,7,67,6.73
75,Esperance,AU,2021-05-24 17:01:12,-33.8667,121.9,56.35,64,99,25.1
76,Newton,US,2021-05-24 17:00:41,42.337,-71.2092,71.22,40,54,3.0
77,Bluff,NZ,2021-05-24 17:01:13,-46.6,168.3333,40.08,79,7,8.34
78,Lagoa,PT,2021-05-24 17:01:13,39.05,-27.9833,61.39,67,100,11.81
79,Minab,IR,2021-05-24 17:01:13,27.1467,57.0801,89.1,56,0,5.44
80,Itacarambi,BR,2021-05-24 17:01:14,-15.1022,-44.0919,96.93,22,58,3.13
81,Busselton,AU,2021-05-24 17:01:14,-33.65,115.3333,48.04,68,99,8.05
82,Novosergiyevka,RU,2021-05-24 17:01:15,52.0934,53.6528,75.92,35,0,6.73
83,Lovozero,RU,2021-05-24 17:01:15,68.005,35.0117,34.56,67,99,12.35
84,Mar Del Plata,AR,2021-05-24 17:01:15,-38.0023,-57.5575,62.13,56,53,14.0
85,Narsaq,GL,2021-05-24 17:01:16,60.9167,-46.05,46.62,51,100,9.01
86,Maneadero,MX,2021-05-24 17:01:16,31.7167,-116.5667,78.19,78,0,3.0
87,Kapaa,US,2021-05-24 17:01:16,22.0752,-159.319,69.19,76,20,3.0
88,Tuktoyaktuk,CA,2021-05-24 17:01:17,69.4541,-133.0374,30.2,93,90,9.22
89,Urdoma,RU,2021-05-24 17:01:17,61.7533,48.5442,52.59,73,60,11.14
90,Kahului,US,2021-05-24 17:01:17,20.8947,-156.47,72.68,80,25,2.75
91,Castro,BR,2021-05-24 17:01:18,-24.7911,-50.0119,59.22,47,41,8.03
92,Punta Arenas,CL,2021-05-24 17:01:18,-53.15,-70.9167,39.11,70,85,24.02
93,Chicama,PE,2021-05-24 17:01:19,-7.8447,-79.1469,74.97,66,37,7.72
94,Tarakan,ID,2021-05-24 17:01:19,3.3,117.6333,82.65,76,92,7.34
95,Puerto Ayora,EC,2021-05-24 17:01:19,-0.7393,-90.3518,76.55,84,57,7.0
96,Algeciras,ES,2021-05-24 17:01:12,36.1333,-5.4505,74.88,29,0,9.22
97,Victoria,HK,2021-05-24 16:57:30,22.2855,114.1577,86.32,86,99,1.01
98,Barrow,US,2021-05-24 17:01:20,71.2906,-156.7887,26.62,80,90,12.66
99,Stornoway,GB,2021-05-24 17:01:20,58.2093,-6.3865,49.96,76,75,26.46
100,Bayji,IQ,2021-05-24 17:01:20,34.9311,43.487,86.29,16,79,10.54
101,Teknaf,BD,2021-05-24 17:01:21,20.8624,92.3058,81.68,84,100,21.47
102,Sobolevo,RU,2021-05-24 17:01:21,54.4299,31.8996,53.91,81,41,6.02
103,Batagay,RU,2021-05-24 17:01:21,67.6333,134.6333,42.37,42,4,4.68
104,Catabola,AO,2021-05-24 17:01:22,-12.15,17.2833,62.11,43,38,0.74
105,Dikson,RU,2021-05-24 17:01:22,73.5069,80.5464,27.73,82,100,12.86
106,Cape Canaveral,US,2021-05-24 17:01:22,28.4058,-80.6048,87.06,52,0,9.17
107,Ouesso,CG,2021-05-24 17:01:23,1.6136,16.0517,77.41,79,62,3.83
108,Lida,BY,2021-05-24 17:01:23,53.8833,25.2997,57.87,71,58,1.48
109,Yeniseysk,RU,2021-05-24 17:01:23,58.4497,92.1703,51.87,88,93,9.62
110,Vardo,NO,2021-05-24 17:01:24,70.3705,31.1107,39.4,52,75,3.44
111,Westport,US,2021-05-24 17:00:52,41.1415,-73.3579,69.1,53,99,1.01
112,Broken Hill,AU,2021-05-24 17:01:24,-31.95,141.4333,62.62,45,2,23.42
113,Mahebourg,MU,2021-05-24 17:01:24,-20.4081,57.7,74.66,68,62,15.93
114,Carnarvon,AU,2021-05-24 17:01:25,-24.8667,113.6333,64.45,57,10,17.74
115,Khatanga,RU,2021-05-24 17:01:25,71.9667,102.5,31.55,100,100,3.49
116,Luderitz,NA,2021-05-24 17:01:25,-26.6481,15.1594,69.53,50,95,4.68
117,Suez,EG,2021-05-24 17:01:26,29.9737,32.5263,78.67,33,2,15.08
118,Rocha,UY,2021-05-24 17:00:13,-34.4833,-54.3333,59.76,58,36,15.12
119,Kyabe,TD,2021-05-24 17:01:26,9.4515,18.9449,95.43,24,77,2.19
120,Yulara,AU,2021-05-24 17:01:26,-25.2406,130.9889,64.63,62,100,9.37
121,Vestmannaeyjar,IS,2021-05-24 17:01:27,63.4427,-20.2734,49.19,66,40,18.41
122,Biltine,TD,2021-05-24 17:01:27,14.5333,20.9167,94.69,6,6,8.39
123,Jamestown,US,2021-05-24 16:57:58,42.097,-79.2353,75.02,59,81,3.0
124,Sitka,US,2021-05-24 16:59:04,57.0531,-135.33,49.37,76,96,3.6
125,Springbok,ZA,2021-05-24 17:01:27,-29.6643,17.8865,63.32,34,100,3.36
126,Fortuna,US,2021-05-24 17:01:28,40.5982,-124.1573,58.35,67,20,1.99
127,Coahuayana,MX,2021-05-24 17:01:28,18.7333,-103.6833,91.24,34,1,6.82
128,Arraial Do Cabo,BR,2021-05-24 17:01:29,-22.9661,-42.0278,73.53,68,80,18.72
129,Pacasmayo,PE,2021-05-24 17:01:29,-7.4006,-79.5714,71.24,75,72,9.51
130,Severo-Kurilsk,RU,2021-05-24 17:01:29,50.6789,156.125,38.53,83,100,13.22
131,Thai Nguyen,VN,2021-05-24 17:00:53,21.5928,105.8442,80.38,82,95,3.87
132,Ulaanbaatar,MN,2021-05-24 16:59:25,47.9077,106.8832,44.73,91,90,3.74
133,Itarema,BR,2021-05-24 17:01:30,-2.9248,-39.9167,86.79,63,82,14.2
134,Sistranda,NO,2021-05-24 17:01:30,63.7256,8.834,62.56,82,17,16.87
135,Hermanus,ZA,2021-05-24 17:01:30,-34.4187,19.2345,62.91,79,89,11.92
136,Provideniya,RU,2021-05-24 17:01:31,64.3833,-173.3,35.19,76,99,20.98
137,Naze,JP,2021-05-24 17:01:31,28.3667,129.4833,70.75,86,98,8.12
138,Mount Gambier,AU,2021-05-24 17:01:32,-37.8333,140.7667,67.91,42,100,21.85
139,Kawalu,ID,2021-05-24 17:01:32,-7.3817,108.2082,73.35,98,89,0.47
140,Ust-Shonosha,RU,2021-05-24 17:01:32,61.1531,41.343,49.68,87,93,11.9
141,Antofagasta,CL,2021-05-24 17:00:59,-23.65,-70.4,70.21,57,96,6.55
142,Rio Grande,BR,2021-05-24 17:01:33,-32.035,-52.0986,61.95,58,6,19.73
143,Sao Francisco De Assis,BR,2021-05-24 17:01:33,-29.5503,-55.1311,60.39,57,0,9.01
144,Raudeberg,NO,2021-05-24 17:01:34,61.9875,5.1352,60.58,88,100,12.28
145,Chumikan,RU,2021-05-24 17:01:34,54.7183,135.315,32.38,98,100,22.86
146,Saint-Leu,RE,2021-05-24 17:01:34,-21.15,55.2833,70.66,79,26,15.46
147,Hilo,US,2021-05-24 16:56:42,19.7297,-155.09,85.28,83,26,3.0
148,Lavrentiya,RU,2021-05-24 17:01:35,65.5833,-171.0,32.5,79,98,14.29
149,Rockport,US,2021-05-24 16:56:46,28.0206,-97.0544,86.25,84,40,7.0
150,Takoradi,GH,2021-05-24 17:01:35,4.8845,-1.7554,83.57,71,55,8.66
151,Bahia Blanca,AR,2021-05-24 16:58:25,-38.7196,-62.2724,63.7,49,13,18.54
152,Geraldton,AU,2021-05-24 17:01:36,-28.7667,114.6,57.61,64,90,9.53
153,Torbay,CA,2021-05-24 17:01:36,47.6666,-52.7314,38.75,79,99,5.01
154,Dudinka,RU,2021-05-24 17:01:36,69.4058,86.1778,29.44,96,100,20.87
155,Seymchan,RU,2021-05-24 17:01:37,62.8833,152.4333,46.51,68,93,3.24
156,Taiyuan,CN,2021-05-24 17:01:37,37.8694,112.5603,53.46,18,0,6.06
157,Roald,NO,2021-05-24 17:01:14,62.5833,6.1333,61.72,93,40,18.41
158,Fairbanks,US,2021-05-24 16:58:56,64.8378,-147.7164,57.22,63,2,3.6
159,Bulawayo,ZW,2021-05-24 17:01:38,-20.15,28.5833,54.91,53,0,7.72
160,Henties Bay,NA,2021-05-24 17:01:38,-22.116,14.2845,71.19,57,2,9.8
161,Kulhudhuffushi,MV,2021-05-24 17:01:38,6.6221,73.07,84.61,76,100,22.91
162,Kaitangata,NZ,2021-05-24 17:01:39,-46.2817,169.8464,41.94,85,14,2.91
163,Mount Isa,AU,2021-05-24 17:01:39,-20.7333,139.5,60.57,63,75,0.0
164,Tonj,SS,2021-05-24 17:01:39,7.2737,28.6822,81.54,65,60,4.05
165,Airai,TL,2021-05-24 17:01:39,-8.9266,125.4092,57.18,89,46,1.74
166,Clyde River,CA,2021-05-24 17:01:40,70.4692,-68.5914,19.63,93,90,32.21
167,Butaritari,KI,2021-05-24 17:01:40,3.0707,172.7902,76.46,97,100,4.72
168,Bjerkvik,NO,2021-05-24 17:01:40,68.5597,17.5189,47.19,66,35,3.31
169,Kruisfontein,ZA,2021-05-24 17:01:41,-34.0033,24.7314,72.88,26,100,7.83
170,Ashqelon,IL,2021-05-24 16:56:56,31.6693,34.5715,76.82,64,0,6.35
171,Buala,SB,2021-05-24 17:01:41,-8.145,159.5921,78.78,81,93,2.73
172,Turukhansk,RU,2021-05-24 17:01:41,65.8167,87.9833,32.36,78,99,22.86
173,Iquique,CL,2021-05-24 17:01:42,-20.2208,-70.1431,68.95,64,73,7.74
174,Marsh Harbour,BS,2021-05-24 17:01:42,26.5412,-77.0636,75.63,61,0,10.69
175,Kysyl-Syr,RU,2021-05-24 17:01:42,63.8986,122.7617,45.59,71,96,11.5
176,Nambucca Heads,AU,2021-05-24 17:01:43,-30.65,153.0,59.16,88,48,5.23
177,Sao Filipe,CV,2021-05-24 17:01:43,14.8961,-24.4956,72.84,80,5,10.94
178,Elko,US,2021-05-24 17:01:43,41.0002,-115.5012,53.74,61,32,11.99
179,San Juan,AR,2021-05-24 16:57:19,-31.5375,-68.5364,70.74,20,0,3.53
180,Teabo,MX,2021-05-24 17:01:44,20.4,-89.2833,91.15,39,87,6.71
181,Ahipara,NZ,2021-05-24 17:01:44,-35.1667,173.1667,55.99,71,100,13.71
182,Marathon,US,2021-05-24 17:01:44,44.9,-89.7668,74.08,79,90,11.27
183,Malko Tarnovo,BG,2021-05-24 17:01:45,41.9833,27.5333,66.18,79,80,4.74
184,Sisimiut,GL,2021-05-24 17:01:45,66.9395,-53.6735,33.64,79,100,14.27
185,Dana Point,US,2021-05-24 17:01:45,33.467,-117.6981,86.34,60,0,3.0
186,Irbeyskoye,RU,2021-05-24 17:01:46,55.6428,95.4522,48.7,88,68,8.84
187,Keetmanshoop,NA,2021-05-24 17:01:46,-26.5833,18.1333,72.88,21,66,10.74
188,Burnie,AU,2021-05-24 17:01:46,-41.0667,145.9167,54.95,89,100,7.4
189,Kavieng,PG,2021-05-24 17:01:47,-2.5744,150.7967,80.33,82,95,2.89
190,Norman Wells,CA,2021-05-24 17:01:47,65.282,-126.8329,48.96,64,80,2.19
191,Mazara Del Vallo,IT,2021-05-24 17:01:47,37.6641,12.588,82.36,82,11,13.04
192,Ipojuca,BR,2021-05-24 17:01:48,-8.3989,-35.0639,82.31,64,44,10.56
193,Hasaki,JP,2021-05-24 17:01:48,35.7333,140.8333,64.8,76,68,15.77
194,Grindavik,IS,2021-05-24 17:01:48,63.8424,-22.4338,48.67,72,75,15.55
195,Belogorsk,RU,2021-05-24 17:01:49,50.9158,128.4611,43.56,72,71,8.12
196,Chuy,UY,2021-05-24 17:01:49,-33.6971,-53.4616,60.42,59,11,14.94
197,Shahrud,IR,2021-05-24 17:01:49,36.4182,54.9763,66.87,49,100,7.34
198,Sinnamary,GF,2021-05-24 17:01:12,5.3833,-52.95,78.04,91,100,9.31
199,Leningradskiy,RU,2021-05-24 17:01:50,69.3833,178.4167,27.09,91,80,6.8
200,Cabo San Lucas,MX,2021-05-24 16:57:46,22.8909,-109.9124,89.51,64,2,5.73
201,Hobyo,SO,2021-05-24 17:01:50,5.3505,48.5268,80.87,70,78,19.48
202,Ulladulla,AU,2021-05-24 17:01:50,-35.35,150.4667,57.87,91,94,5.26
203,Gretna,US,2021-05-24 17:01:51,29.9147,-90.054,83.98,56,40,5.01
204,Pevek,RU,2021-05-24 17:01:51,69.7008,170.3133,24.33,87,100,4.32
205,Severo-Yeniseyskiy,RU,2021-05-24 17:01:51,60.3725,93.0408,43.0,97,100,3.33
206,Ponta Do Sol,PT,2021-05-24 17:01:52,32.6667,-17.1,72.12,66,54,3.91
207,Sinegorye,RU,2021-05-24 17:01:52,62.0788,150.477,43.45,59,95,3.31
208,Saint-Augustin,CA,2021-05-24 17:01:52,51.226,-58.6502,46.24,28,94,15.21
209,Sarny,UA,2021-05-24 17:01:53,51.338,26.6019,61.11,66,92,1.99
210,Balurghat,IN,2021-05-24 17:01:53,25.2167,88.7667,90.23,57,87,7.7
211,Virginia Beach,US,2021-05-24 16:59:57,36.8529,-75.978,74.1,76,100,1.99
212,Copiapo,CL,2021-05-24 17:00:29,-27.3667,-70.3333,76.78,19,100,4.81
213,Marawi,PH,2021-05-24 17:01:53,7.9986,124.2928,71.65,93,70,0.81
214,Kupang,ID,2021-05-24 17:01:54,-10.1667,123.5833,75.27,86,39,6.96
215,Meulaboh,ID,2021-05-24 17:01:54,4.1363,96.1285,78.55,88,72,4.07
216,Ossora,RU,2021-05-24 17:01:54,59.2353,163.0719,32.0,88,27,5.3
217,Lima,PE,2021-05-24 16:58:39,-12.0432,-77.0282,70.14,77,40,8.05
218,Tasiilaq,GL,2021-05-24 17:01:55,65.6145,-37.6368,35.76,71,100,31.92
219,Kavaratti,IN,2021-05-24 17:01:55,10.5669,72.642,84.13,74,87,10.47
220,Fagersta,SE,2021-05-24 17:01:55,60.0042,15.7932,58.68,81,100,3.29
221,Namibe,AO,2021-05-24 17:01:56,-15.1961,12.1522,76.23,69,11,7.72
222,Dunedin,NZ,2021-05-24 16:59:32,-45.8742,170.5036,43.81,70,21,3.0
223,Minot,US,2021-05-24 17:01:56,48.2325,-101.2963,69.78,40,0,17.94
224,Urzhum,RU,2021-05-24 17:01:57,57.1141,49.9996,59.18,72,93,6.49
225,Mayo,US,2021-05-24 17:01:57,38.8876,-76.5119,68.11,65,100,7.0
226,Honningsvag,NO,2021-05-24 17:01:57,70.9821,25.9704,38.77,70,18,13.38
227,Boyolangu,ID,2021-05-24 17:01:58,-8.1181,111.8935,76.06,93,79,4.0
228,Nakamura,JP,2021-05-24 17:01:58,32.9833,132.9333,59.56,97,76,5.23
229,Damara,CF,2021-05-24 17:01:58,4.9608,18.7035,82.65,61,51,3.29
230,Nome,US,2021-05-24 17:01:59,64.5011,-165.4064,52.16,54,41,9.51
231,Machacamarca,BO,2021-05-24 17:01:59,-18.1667,-67.0333,56.89,28,99,10.18
232,Mahon,ES,2021-05-24 17:01:59,39.8885,4.2658,66.76,63,20,8.05
233,Athabasca,CA,2021-05-24 16:59:39,54.7169,-113.2854,58.69,72,100,13.65
234,Qandala,SO,2021-05-24 17:02:00,11.472,49.8728,86.9,67,5,1.68
235,Conceicao Do Araguaia,BR,2021-05-24 17:02:00,-8.2578,-49.2647,92.03,43,28,5.26
236,Faya,SA,2021-05-24 17:02:00,18.3851,42.4509,71.1,31,17,7.31
237,Margate,GB,2021-05-24 17:02:01,51.3813,1.3862,57.74,58,82,4.0
238,Aksarka,RU,2021-05-24 17:02:01,66.5606,67.7975,41.38,44,73,7.45
239,Axim,GH,2021-05-24 17:02:02,4.8699,-2.2405,84.27,69,54,10.33
240,Garowe,SO,2021-05-24 17:02:02,8.4054,48.4845,82.94,50,72,24.67
241,Siderno,IT,2021-05-24 17:02:02,38.2779,16.302,76.89,65,0,3.65
242,Atar,MR,2021-05-24 17:02:03,20.5169,-13.0499,106.52,11,1,13.18
243,Mantua,IT,2021-05-24 17:02:03,45.1667,10.7833,59.74,94,100,7.61
244,Pokhara,NP,2021-05-24 17:02:03,28.2333,83.9833,75.42,45,25,6.8
245,Saint-Pierre,RE,2021-05-24 17:02:04,-21.3393,55.4781,71.28,85,90,13.8
246,Salalah,OM,2021-05-24 17:02:04,17.0151,54.0924,82.11,77,0,5.91
247,Jardim,BR,2021-05-24 17:02:04,-21.4803,-56.1381,79.43,17,67,2.28
248,Agdas,AZ,2021-05-24 17:02:05,40.65,47.4761,85.05,17,92,13.35
249,Berlevag,NO,2021-05-24 17:02:05,70.8578,29.0864,37.2,63,70,8.5
250,Enid,US,2021-05-24 17:00:56,36.3956,-97.8784,75.02,89,90,8.01
251,Shamary,RU,2021-05-24 17:02:06,57.3434,58.2199,64.06,93,66,5.03
252,Faanui,PF,2021-05-24 17:02:06,-16.4833,-151.75,80.46,75,29,6.02
253,Bilma,NE,2021-05-24 17:02:06,18.6853,12.9164,102.24,5,0,7.54
254,Miranda,CO,2021-05-24 17:02:07,3.2499,-76.2281,80.73,63,65,3.8
255,Sumeg,HU,2021-05-24 17:02:07,46.977,17.2821,60.06,83,100,9.13
256,Kozhevnikovo,RU,2021-05-24 17:02:07,56.2589,83.9714,58.24,65,83,4.45
257,Gat,IL,2021-05-24 17:02:08,31.61,34.7642,75.81,60,0,6.51
258,Carutapera,BR,2021-05-24 17:02:08,-1.195,-46.02,86.94,64,100,10.2
259,Yantal,RU,2021-05-24 17:02:08,56.8471,105.2542,43.52,88,100,1.79
260,Port Hedland,AU,2021-05-24 17:02:09,-20.3167,118.5667,77.05,44,72,9.22
261,Pisco,PE,2021-05-24 17:02:09,-13.7,-76.2167,68.02,63,96,5.37
262,Anadyr,RU,2021-05-24 17:02:09,64.75,177.4833,34.5,86,100,11.63
263,Bandiagara,ML,2021-05-24 17:02:10,14.3501,-3.6104,99.23,23,100,3.65
264,New Norfolk,AU,2021-05-24 17:02:10,-42.7826,147.0587,56.75,65,92,1.99
265,Hamilton,US,2021-05-24 17:00:38,39.1834,-84.5333,88.09,52,96,1.99
266,Kuytun,RU,2021-05-24 17:02:10,54.3419,101.5036,48.25,81,100,21.5
267,Talnakh,RU,2021-05-24 17:02:11,69.4865,88.3972,31.59,97,100,15.08
268,Bac Lieu,VN,2021-05-24 17:02:11,9.285,105.7244,79.34,84,100,9.42
269,Vulcan,RO,2021-05-24 17:02:11,45.3833,23.2667,60.69,71,83,3.78
270,Nuevo Casas Grandes,MX,2021-05-24 17:02:12,30.4167,-107.9167,79.75,15,0,1.99
271,Codrington,AU,2021-05-24 17:02:12,-38.2667,141.9667,66.25,48,100,22.97
272,Sembe,CG,2021-05-24 17:02:12,1.6481,14.5806,80.56,71,57,1.86
273,Bambous Virieux,MU,2021-05-24 17:02:13,-20.3428,57.7575,74.57,68,59,15.73
274,Alyangula,AU,2021-05-24 17:02:13,-13.8483,136.4192,76.01,78,92,8.7
275,Port Hawkesbury,CA,2021-05-24 17:02:13,45.6169,-61.3485,52.9,55,3,7.0
276,Katsuura,JP,2021-05-24 17:02:14,35.1333,140.3,66.18,87,87,11.7
277,Qinhuangdao,CN,2021-05-24 17:01:57,39.9317,119.5883,55.15,49,67,9.19
278,Sambava,MG,2021-05-24 17:02:14,-14.2667,50.1667,74.64,74,1,15.1
279,Bagdarin,RU,2021-05-24 17:02:14,54.4333,113.6,30.87,56,61,4.7
280,Port Lincoln,AU,2021-05-24 17:02:15,-34.7333,135.8667,59.16,88,100,19.91
281,Cotonou,BJ,2021-05-24 17:02:15,6.3654,2.4183,83.88,72,60,9.44
282,Poso,ID,2021-05-24 17:02:15,-1.3959,120.7524,78.22,88,80,4.65
283,Simbahan,PH,2021-05-24 17:02:16,6.3032,120.5836,83.75,70,49,3.53
284,Karaton,ID,2021-05-24 17:02:16,-6.3424,106.1045,77.95,93,63,1.54
285,Tateyama,JP,2021-05-24 17:01:56,34.9833,139.8667,66.09,87,90,11.14
286,Haines Junction,CA,2021-05-24 17:02:16,60.7522,-137.5108,40.39,98,100,4.03
287,Lebu,CL,2021-05-24 17:02:17,-37.6167,-73.65,57.78,82,96,5.37
288,Bilibino,RU,2021-05-24 17:02:17,68.0546,166.4372,30.34,92,100,2.17
289,Teya,RU,2021-05-24 17:02:17,60.3778,92.6267,47.66,95,100,4.83
290,Puerto Rico,AR,2021-05-24 17:00:28,-26.796,-55.024,66.99,37,6,2.39
291,Ames,US,2021-05-24 17:02:18,42.0347,-93.6199,81.45,53,1,18.41
292,Pacific Grove,US,2021-05-24 17:00:56,36.6177,-121.9166,75.56,87,90,4.0
293,Arman,RU,2021-05-24 17:02:18,59.7,150.1667,38.21,75,19,0.16
294,Apatity,RU,2021-05-24 17:02:19,67.5641,33.4031,44.56,63,99,4.97
295,Cherskiy,RU,2021-05-24 17:02:19,68.75,161.3,41.14,59,1,6.26
296,Sungaipenuh,ID,2021-05-24 17:02:19,-2.0833,101.3833,65.95,98,95,2.28
297,Qostanay,KZ,2021-05-24 17:02:19,53.1667,63.5833,75.49,38,0,4.47
298,Calama,CL,2021-05-24 17:00:21,-22.4667,-68.9333,71.49,4,58,16.46
299,Sola,VU,2021-05-24 17:02:20,-13.8833,167.55,75.92,86,100,16.02
300,Palmas Bellas,PA,2021-05-24 17:02:20,9.2319,-80.0867,90.1,77,97,3.74
301,Mehamn,NO,2021-05-24 17:02:21,71.0357,27.8492,38.16,69,84,10.0
302,Bambanglipuro,ID,2021-05-24 17:02:21,-7.95,110.2833,77.2,90,28,5.73
303,Fukue,JP,2021-05-24 17:01:04,32.6881,128.8419,65.98,64,16,10.51
304,Aksu,CN,2021-05-24 17:02:21,41.1231,80.2644,72.55,19,100,6.42
305,Sangar,RU,2021-05-24 17:02:22,63.9242,127.4739,43.09,89,100,13.18
306,Solnechnyy,RU,2021-05-24 17:02:22,50.7214,136.6319,41.27,98,100,3.56
307,Aleksandrovka,UA,2021-05-24 17:02:22,46.8383,32.7612,60.91,76,43,18.39
308,Souillac,MU,2021-05-24 17:02:22,-20.5167,57.5167,74.05,72,76,16.58
309,Bathsheba,BB,2021-05-24 17:02:23,13.2167,-59.5167,82.45,64,55,18.68
310,Kabare,CD,2021-05-24 17:02:23,-2.4683,28.8242,61.79,97,73,2.62
311,Eidsvag,NO,2021-05-24 17:02:23,62.7767,8.0668,59.65,54,91,2.42
312,Alice Springs,AU,2021-05-24 17:02:24,-23.7,133.8833,60.35,40,19,11.18
313,Puerto Carreno,CO,2021-05-24 17:02:24,6.189,-67.4859,89.56,59,84,4.5
314,Cockburn Town,TC,2021-05-24 17:02:24,21.4612,-71.1419,79.43,74,42,17.4
315,Ryotsu,JP,2021-05-24 17:02:25,38.0833,138.4333,59.47,96,100,8.16
316,Hofn,IS,2021-05-24 17:02:25,64.2539,-15.2082,48.22,46,75,18.41
317,Portland,US,2021-05-24 17:00:14,45.5234,-122.6762,56.08,92,90,1.01
318,Vila,PT,2021-05-24 17:02:25,42.0304,-8.1588,56.75,60,79,8.25
319,Grand Gaube,MU,2021-05-24 17:02:26,-20.0064,57.6608,76.23,67,5,20.0
320,Manakara,MG,2021-05-24 17:02:26,-22.1333,48.0167,69.03,77,3,4.43
321,Najran,SA,2021-05-24 17:02:26,17.4924,44.1277,85.55,23,27,8.77
322,Olavarria,AR,2021-05-24 17:02:27,-36.8927,-60.3225,57.79,64,6,15.95
323,Brae,GB,2021-05-24 17:02:27,60.3964,-1.353,46.31,90,100,24.85
324,Gunnedah,AU,2021-05-24 17:02:27,-30.9833,150.25,50.72,80,60,1.01
325,Moree,AU,2021-05-24 17:02:28,-29.4667,149.85,54.32,79,1,7.7
326,Saint George,US,2021-05-24 16:58:48,37.1041,-113.5841,72.63,25,0,3.0
327,Nantucket,US,2021-05-24 17:01:00,41.2835,-70.0995,62.1,64,62,11.74
328,Pangody,RU,2021-05-24 17:02:28,65.85,74.4859,37.53,49,52,7.52
329,Olafsvik,IS,2021-05-24 17:02:28,64.8945,-23.7142,45.48,73,26,7.72
330,Jieshi,CN,2021-05-24 17:02:29,22.8134,115.8257,82.27,82,13,4.27
331,Vila Franca Do Campo,PT,2021-05-24 17:02:29,37.7167,-25.4333,66.61,60,100,7.92
332,Papara,BR,2021-05-24 17:02:30,-3.9839,-38.7273,81.68,59,51,6.87
333,Chunskiy,RU,2021-05-24 17:02:30,56.0815,99.6342,45.72,88,89,15.03
334,Muzhi,RU,2021-05-24 17:02:30,65.3667,64.6667,47.23,36,100,6.78
335,Evensk,RU,2021-05-24 17:02:30,61.95,159.2333,35.15,76,34,10.2
336,Buraydah,SA,2021-05-24 17:02:31,26.326,43.975,93.2,14,14,11.48
337,Sorkjosen,NO,2021-05-24 17:02:31,69.8,20.9333,44.6,49,75,8.05
338,Samarai,PG,2021-05-24 17:02:31,-10.6167,150.6667,79.63,73,67,16.55
339,Ormond Beach,US,2021-05-24 17:02:32,29.2858,-81.0559,88.11,62,1,4.61
340,Fraserburgh,GB,2021-05-24 17:02:32,57.6874,-2.0184,50.43,79,83,13.51
341,Kaihua,CN,2021-05-24 17:02:32,23.3687,104.28,65.61,95,98,3.74
342,Asau,RO,2021-05-24 17:02:33,46.4333,26.4,61.95,63,60,3.71
343,Belyy Yar,RU,2021-05-24 17:02:33,53.6039,91.3903,58.89,83,0,6.78
344,Constitucion,CL,2021-05-24 17:02:33,-35.3333,-72.4167,61.23,66,0,11.39
345,Skwierzyna,PL,2021-05-24 17:02:34,52.5991,15.5065,67.68,57,91,13.82
346,Kyra,RU,2021-05-24 17:02:34,49.5776,111.9753,33.19,69,22,5.17
347,Chapais,CA,2021-05-24 17:02:34,49.7834,-74.8492,57.79,23,18,9.28
348,Portadown,GB,2021-05-24 17:02:35,54.4241,-6.4412,58.98,66,75,14.72
349,Novobirilyussy,RU,2021-05-24 17:02:35,56.9514,90.6661,51.08,91,67,8.46
350,Dhidhdhoo,MV,2021-05-24 16:58:05,6.8833,73.1,84.49,75,99,22.37
351,Yuancheng,CN,2021-05-24 17:02:36,36.652,107.7896,59.07,27,74,3.02
352,Manali,IN,2021-05-24 17:02:36,13.1667,80.2667,88.07,60,100,12.82
353,Burgdorf,DE,2021-05-24 17:02:36,52.4463,10.0064,70.14,83,88,13.22
354,Belaya Gora,RU,2021-05-24 17:02:36,68.5333,146.4167,42.94,70,56,6.82
355,Katangli,RU,2021-05-24 17:02:37,51.7102,143.2326,34.54,96,100,9.31
356,Ilulissat,GL,2021-05-24 17:02:37,69.2167,-51.1,44.62,33,75,24.16
357,Dingle,PH,2021-05-24 17:02:37,10.9995,122.6711,78.06,83,6,3.87
358,Avera,US,2021-05-24 17:02:38,33.194,-82.5271,94.71,36,18,2.44
359,Chifeng,CN,2021-05-24 16:59:16,42.2683,118.9636,49.84,26,99,11.1
360,Bhindar,IN,2021-05-24 17:02:38,24.5,74.1833,89.64,25,2,6.29
361,Bandarbeyla,SO,2021-05-24 17:02:39,9.4942,50.8122,82.06,70,5,27.72
362,Lazaro Cardenas,MX,2021-05-24 16:58:14,17.9583,-102.2,86.81,48,7,7.14
363,Bairiki,KI,2021-05-24 17:02:39,1.3292,172.9752,77.0,78,90,5.57
364,Garissa,KE,2021-05-24 17:02:39,-0.4536,39.6401,80.17,53,43,22.97
365,Andenes,NO,2021-05-24 17:02:40,69.3143,16.1194,42.78,61,4,20.71
366,Ayan,RU,2021-05-24 17:02:40,56.45,138.1667,33.57,97,100,24.14
367,Duma,CN,2021-05-24 17:02:40,34.7653,108.135,63.72,31,96,3.78
368,Edd,ER,2021-05-24 17:02:41,13.9297,41.6925,93.0,53,48,10.65
369,Camana,PE,2021-05-24 17:02:41,-16.6228,-72.7111,67.78,74,93,8.05
370,Labuhan,ID,2021-05-24 17:02:41,-6.8844,112.2051,78.69,84,13,6.35
371,Rakovski,BG,2021-05-24 17:02:42,42.3,24.9667,82.26,55,92,10.71
372,Kismayo,SO,2021-05-24 17:02:42,-0.3582,42.5454,78.48,78,5,16.51
373,Kushmurun,KZ,2021-05-24 17:02:42,52.4503,64.6311,78.78,33,29,9.42
374,Alexandria,EG,2021-05-24 16:59:35,31.2156,29.9553,75.74,69,0,9.22
375,Panormos,GR,2021-05-24 17:02:43,35.4182,24.6909,78.22,49,0,1.12
376,Gharghoda,IN,2021-05-24 17:02:43,22.1667,83.35,89.94,24,100,5.61
377,Johnson City,US,2021-05-24 16:57:46,36.3134,-82.3535,87.96,52,1,4.59
378,Mabaruma,GY,2021-05-24 17:02:44,8.2,-59.7833,86.47,59,99,9.57
379,Veisiejai,LT,2021-05-24 17:02:44,54.1,23.7,58.86,67,96,3.49
380,Bertoua,CM,2021-05-24 17:02:44,4.5833,13.6833,78.19,76,25,3.15
381,Aykhal,RU,2021-05-24 17:02:45,66.0,111.5,39.42,50,16,5.26
382,Lorengau,PG,2021-05-24 17:02:45,-2.0226,147.2712,80.35,83,89,8.75
383,Vanavara,RU,2021-05-24 17:02:45,60.34,102.2797,45.9,92,100,4.05
384,Kang,BW,2021-05-24 17:02:45,-23.6752,22.7876,59.76,39,0,6.6
385,Cayenne,GF,2021-05-24 17:02:46,4.9333,-52.3333,78.84,90,90,9.42
386,Roma,US,2021-05-24 17:02:46,43.2128,-75.4557,73.4,42,1,0.0
387,Bukan,IR,2021-05-24 17:02:46,36.521,46.2089,65.48,24,90,5.06
388,Vila Velha,BR,2021-05-24 16:59:25,-20.3297,-40.2925,82.96,66,0,17.0
389,Tshela,CD,2021-05-24 17:02:47,-4.9833,12.9333,78.28,85,99,0.22
390,Tevriz,RU,2021-05-24 17:02:47,57.509,72.4042,60.48,60,17,4.9
391,San Quintin,MX,2021-05-24 17:02:48,30.4833,-115.95,68.79,58,0,11.41
392,San Patricio,US,2021-05-24 17:02:48,28.017,-97.5169,86.72,70,42,14.2
393,Sidi Ali,DZ,2021-05-24 17:02:48,36.0998,0.4206,66.97,54,0,7.29
394,Mombetsu,JP,2021-05-24 17:02:49,44.3525,143.3525,44.49,95,100,2.42
395,Padre Paraiso,BR,2021-05-24 17:02:49,-17.0742,-41.4844,89.53,29,44,3.31
396,Russell,US,2021-05-24 17:02:49,32.3502,-85.1999,91.9,34,60,1.16
397,Krasnoselkup,RU,2021-05-24 17:02:50,65.7,82.4667,33.62,65,30,20.62
398,La Ronge,CA,2021-05-24 17:02:50,55.1001,-105.2842,46.62,93,90,16.11
399,Broome,US,2021-05-24 17:02:50,42.2506,-75.833,71.46,51,20,3.0
400,Chipinge,ZW,2021-05-24 17:02:51,-20.1883,32.6236,52.72,66,6,3.09
401,Manokwari,ID,2021-05-24 17:02:51,-0.8667,134.0833,78.4,84,100,3.0
402,Brainerd,US,2021-05-24 17:02:51,46.358,-94.2008,77.25,73,75,9.22
403,Bianzhuang,CN,2021-05-24 17:02:51,34.8486,118.0447,69.89,20,76,10.69
404,Washougal,US,2021-05-24 17:00:23,45.5826,-122.3534,57.13,94,90,3.44
405,Montepuez,MZ,2021-05-24 17:02:52,-13.1256,38.9997,68.32,67,90,8.23
406,Riyadh,SA,2021-05-24 16:58:45,24.6877,46.7219,105.85,9,7,5.75
407,Pangkalanbuun,ID,2021-05-24 17:02:52,-2.6833,111.6167,75.16,97,49,1.52
408,Waipawa,NZ,2021-05-24 17:02:53,-41.4122,175.5153,47.03,80,100,14.9
409,Ascension,US,2021-05-24 17:02:53,30.2169,-90.9001,84.2,64,1,5.75
410,Omboue,GA,2021-05-24 17:02:53,-1.5746,9.2618,79.63,86,98,7.2
411,Morgan City,US,2021-05-24 17:02:54,29.6994,-91.2068,83.03,63,75,8.37
412,Wonthaggi,AU,2021-05-24 17:02:54,-38.6044,145.5913,63.37,67,99,10.38
413,Brewster,US,2021-05-24 17:02:54,41.3973,-73.6171,68.59,58,90,1.01
414,Muros,ES,2021-05-24 17:02:55,42.7762,-9.0603,63.23,67,68,13.31
415,Eureka,US,2021-05-24 17:02:55,40.8021,-124.1637,58.62,85,77,4.0
416,Gamba,GA,2021-05-24 17:02:55,-2.65,10.0,79.74,84,82,5.97
417,Ancud,CL,2021-05-24 17:02:55,-41.8697,-73.8203,51.42,77,100,15.37
418,Mahajanga,MG,2021-05-24 17:02:56,-15.7167,46.3167,73.42,83,20,3.44
419,Palana,RU,2021-05-24 17:02:56,59.1167,159.9667,30.25,90,6,12.95
420,Apa,RO,2021-05-24 17:02:56,47.7667,23.2,66.72,77,82,5.14
421,Natchez,US,2021-05-24 17:02:57,31.5604,-91.4032,83.64,48,1,5.75
422,Port Shepstone,ZA,2021-05-24 17:02:57,-30.7414,30.455,67.41,77,0,16.22
423,Waycross,US,2021-05-24 17:02:28,31.2136,-82.354,91.98,38,40,3.44
424,Normandin,CA,2021-05-24 17:02:58,48.8333,-72.5321,60.26,27,45,3.78
425,Maputo,MZ,2021-05-24 16:58:07,-25.9653,32.5892,70.23,70,0,3.0
426,Lanigan,CA,2021-05-24 17:02:58,51.8501,-105.0344,50.23,88,100,20.85
427,Verkhoyansk,RU,2021-05-24 17:02:58,67.5447,133.385,44.85,38,8,2.66
428,San Carlos De Bariloche,AR,2021-05-24 17:02:59,-41.1456,-71.3082,45.48,78,52,28.77
429,Jixi,CN,2021-05-24 17:02:59,45.3,130.9667,44.08,77,41,4.76
430,Pamyat Parizhskoy Kommuny,RU,2021-05-24 17:02:59,56.1048,44.4952,64.35,71,100,3.42
431,Cabedelo,BR,2021-05-24 17:03:00,-6.9811,-34.8339,81.95,71,74,13.69
432,Pandan,PH,2021-05-24 17:03:00,14.0453,124.1694,80.44,83,7,3.71
433,Liuzhou,CN,2021-05-24 17:03:00,24.3126,109.3892,68.58,88,98,5.01
434,Karratha,AU,2021-05-24 17:03:00,-20.7377,116.8463,70.57,41,90,12.17
435,Mianwali,PK,2021-05-24 17:02:10,32.5741,71.5264,90.3,25,0,5.12
436,Eydhafushi,MV,2021-05-24 17:03:01,5.1033,73.0708,83.73,77,96,21.59
437,Vao,NC,2021-05-24 17:03:01,-22.6667,167.4833,70.81,61,0,19.22
438,Ordu,TR,2021-05-24 17:03:02,40.9086,37.6845,52.3,82,81,2.19
439,Morant Bay,JM,2021-05-24 17:03:02,17.8815,-76.4093,91.62,65,57,12.37
440,Tutoia,BR,2021-05-24 17:03:02,-2.7619,-42.2744,87.82,59,79,9.6
441,General Roca,AR,2021-05-24 17:03:03,-39.0333,-67.5833,62.67,41,100,28.39
442,Kieta,PG,2021-05-24 17:03:03,-6.2167,155.6333,78.91,86,100,3.65
443,Pueblo,US,2021-05-24 17:03:03,38.2545,-104.6091,76.73,26,1,4.34
444,Manhush,UA,2021-05-24 17:03:04,47.0558,37.3107,65.53,79,95,4.27
445,Bonavista,CA,2021-05-24 17:03:04,48.6499,-53.1147,38.12,65,100,27.22
446,Makakilo City,US,2021-05-24 17:03:04,21.3469,-158.0858,72.28,78,1,3.44
447,Sorong,ID,2021-05-24 17:03:05,-0.8833,131.25,77.81,88,100,10.58
448,Dolores,AR,2021-05-24 17:03:05,-36.3132,-57.6792,59.54,59,42,16.26
449,Mitchell,US,2021-05-24 17:03:06,43.7094,-98.0298,75.18,66,1,11.01
450,Lieto,FI,2021-05-24 17:03:06,60.5103,22.4618,60.22,55,0,5.35
451,Strenci,LV,2021-05-24 17:03:06,57.6257,25.6854,54.32,76,78,6.29
452,Necochea,AR,2021-05-24 17:03:06,-38.5473,-58.7368,64.04,50,30,19.53
453,Nawa,IN,2021-05-24 17:03:07,27.0167,75.0,89.94,28,0,3.42
454,Milkovo,RU,2021-05-24 17:03:07,54.7167,158.6167,36.34,77,6,3.74
455,Tiruchchendur,IN,2021-05-24 17:03:07,8.4833,78.1167,84.2,70,100,18.01
456,Rafaela,AR,2021-05-24 17:03:08,-31.2503,-61.4867,68.0,27,0,5.01
457,Plouzane,FR,2021-05-24 17:03:08,48.3833,-4.6167,55.45,76,75,25.52
458,Baykit,RU,2021-05-24 17:03:09,61.67,96.37,43.65,91,100,7.27
459,Mizan Teferi,ET,2021-05-24 17:03:09,6.9833,35.5833,61.54,98,86,3.62
460,Sabang,ID,2021-05-24 17:03:09,5.8933,95.3214,84.47,76,95,14.88
461,Wanning,CN,2021-05-24 17:03:10,18.8003,110.3967,81.75,89,92,5.57
462,Comodoro Rivadavia,AR,2021-05-24 17:00:17,-45.8667,-67.5,52.9,38,34,34.87
463,Savannakhet,LA,2021-05-24 17:03:10,16.566,104.751,76.39,89,97,2.86
464,Tamandare,BR,2021-05-24 17:03:10,-8.7597,-35.1047,82.36,62,54,9.04
465,Klaksvik,FO,2021-05-24 17:03:11,62.2266,-6.589,49.12,78,13,11.59
466,Timbiqui,CO,2021-05-24 17:03:11,2.7717,-77.6654,82.06,82,96,4.83
467,Komsomolskiy,UZ,2021-05-24 17:03:11,40.4272,71.7189,72.82,33,100,3.76
468,Teguise,ES,2021-05-24 17:03:12,29.0605,-13.564,70.02,71,20,27.13
469,Toowoomba,AU,2021-05-24 17:03:12,-27.55,151.9667,52.25,88,6,4.0
470,Half Moon Bay,US,2021-05-24 17:03:12,37.4636,-122.4286,73.58,89,40,6.55
471,San Joaquin,US,2021-05-24 17:03:13,37.9333,-121.3011,76.53,40,1,9.22
472,Wembley,AU,2021-05-24 16:59:21,-31.9333,115.8,53.06,95,0,6.71
473,Zinder,NE,2021-05-24 17:03:13,13.8072,8.9881,101.7,6,21,6.87
474,Sechura,PE,2021-05-24 17:03:14,-5.5569,-80.8222,76.75,64,34,8.34
475,Iqaluit,CA,2021-05-24 17:03:14,63.7506,-68.5145,20.7,79,98,1.72
476,Pathein,MM,2021-05-24 17:03:14,16.7833,94.7333,79.02,85,100,7.72
477,Trairi,BR,2021-05-24 16:58:22,-3.2778,-39.2689,85.89,65,77,12.82
478,Boyuibe,BO,2021-05-24 17:03:15,-20.4167,-63.2833,70.57,32,99,8.23
479,Lata,PT,2021-05-24 17:03:15,40.1629,-8.3327,69.04,47,41,11.68
480,Maarianhamina,AX,2021-05-24 17:03:15,60.0973,19.9348,48.06,76,0,6.91
481,Novyy Urengoy,RU,2021-05-24 16:59:17,66.0833,76.6333,35.83,58,54,10.51
482,Roebourne,AU,2021-05-24 17:03:16,-20.7833,117.1333,71.1,41,95,14.14
483,Tiarei,PF,2021-05-24 17:03:16,-17.5333,-149.3333,75.22,77,44,7.52
484,Kemijarvi,FI,2021-05-24 17:03:16,66.7131,27.4306,43.88,59,100,6.53
485,Cancun,MX,2021-05-24 16:59:41,21.1743,-86.8466,86.05,63,40,12.35
486,Maridi,SS,2021-05-24 17:03:17,4.9158,29.4742,70.86,93,67,1.99
487,Ekhabi,RU,2021-05-24 17:03:17,53.5102,142.9671,33.31,92,100,12.26
488,Samdari,IN,2021-05-24 17:03:17,25.8167,72.5833,96.94,24,0,7.61
489,Victor Harbor,AU,2021-05-24 17:03:18,-35.5667,138.6167,71.47,71,100,8.97
490,Vasilsursk,RU,2021-05-24 17:03:18,56.1275,46.0072,56.8,77,100,4.07
491,Lamu,KE,2021-05-24 17:03:18,-2.2717,40.902,78.89,75,7,17.9
492,Alice Town,BS,2021-05-24 17:03:19,25.7167,-79.3,75.81,59,0,12.21
493,Kouroussa,GN,2021-05-24 17:03:19,10.65,-9.8833,97.27,28,75,3.83
494,Kununurra,AU,2021-05-24 17:03:20,-15.7667,128.7333,67.98,88,15,0.0
495,Birin,NP,2021-05-24 17:03:20,26.8865,88.0718,68.83,62,58,5.64
496,Rio Gallegos,AR,2021-05-24 17:03:20,-51.6226,-69.2181,42.85,70,40,28.77
497,Itapirapua,BR,2021-05-24 17:03:21,-15.8233,-50.6133,90.79,37,55,4.72
498,Desaguadero,PE,2021-05-24 17:03:21,-16.5656,-69.0417,53.74,39,97,6.04
499,Twistringen,DE,2021-05-24 17:03:21,52.8,8.65,58.89,91,100,6.71
500,New Glasgow,CA,2021-05-24 17:00:15,45.5834,-62.6486,57.9,44,5,11.81
501,Tautira,PF,2021-05-24 17:03:22,-17.7333,-149.15,75.22,77,52,7.36
502,Naantali,FI,2021-05-24 17:03:22,60.4674,22.0243,60.37,64,0,8.43
503,Srednekolymsk,RU,2021-05-24 17:03:22,67.45,153.6833,44.37,58,0,6.29
504,Dakoro,NE,2021-05-24 17:03:23,14.5106,6.765,105.24,5,35,13.06
505,Amazar,RU,2021-05-24 17:03:23,53.858,120.875,37.04,99,100,3.91
506,Korla,CN,2021-05-24 17:03:23,41.7597,86.1469,73.85,17,74,4.61
507,Warrnambool,AU,2021-05-24 17:03:24,-38.3833,142.4833,62.82,56,100,25.88
508,Elliot Lake,CA,2021-05-24 17:03:24,46.3834,-82.6331,56.48,42,92,6.22
509,Sorland,NO,2021-05-24 17:03:24,67.667,12.6934,48.27,72,68,15.46
510,Mykhaylivka,UA,2021-05-24 17:03:25,47.2724,35.2224,64.67,77,44,12.33
511,Myitkyina,MM,2021-05-24 17:03:25,25.3833,97.4,76.68,92,23,1.32
512,Wadi Musa,JO,2021-05-24 17:03:25,30.3222,35.4793,66.33,44,0,11.27
513,Darhan,MN,2021-05-24 17:03:26,49.4867,105.9228,48.88,63,100,6.8
514,Seeboden,AT,2021-05-24 17:03:26,46.8219,13.495,53.53,100,100,3.44
515,Lahaina,US,2021-05-24 17:03:26,20.8783,-156.6825,76.24,78,15,1.88
516,Saskylakh,RU,2021-05-24 17:03:26,71.9167,114.0833,37.85,86,81,8.93
517,Yenagoa,NG,2021-05-24 17:03:27,4.9247,6.2642,83.89,73,97,6.73
518,Sibiti,CG,2021-05-24 17:03:27,-3.6819,13.3499,74.23,88,95,2.13
519,Babu,CN,2021-05-24 17:03:28,24.4167,111.5167,67.39,96,90,4.12
520,Port Hardy,CA,2021-05-24 17:00:00,50.6996,-127.4199,50.18,100,90,3.44
521,Iracoubo,GF,2021-05-24 17:03:28,5.4802,-53.2011,77.67,92,100,7.94
522,Porto Novo,BJ,2021-05-24 17:03:28,6.4965,2.6036,84.42,69,60,9.4
523,Chepareria,KE,2021-05-24 17:03:29,1.3077,35.2039,60.94,91,45,2.3
524,Saint-Francois,FR,2021-05-24 17:03:29,46.4154,3.9054,63.18,58,75,17.27
525,Agadir,MA,2021-05-24 16:58:38,30.4202,-9.5982,77.45,48,92,8.16
526,Sinjar,IQ,2021-05-24 17:03:29,36.3209,41.8754,74.35,33,47,11.01
527,Sept-Iles,CA,2021-05-24 17:03:30,50.2001,-66.3821,47.05,63,12,10.0
528,Boguchany,RU,2021-05-24 17:03:30,58.3814,97.4531,46.04,86,100,12.19
529,Kloulklubed,PW,2021-05-24 17:03:30,7.0419,134.2556,77.5,77,99,7.43
530,Luena,AO,2021-05-24 17:03:31,-11.7833,19.9167,61.38,48,0,4.47
531,Maracaibo,VE,2021-05-24 17:02:52,10.6317,-71.6406,90.01,57,77,3.6
532,Maramag,PH,2021-05-24 17:03:31,7.8167,124.95,70.34,93,97,2.17
533,Salinopolis,BR,2021-05-24 17:03:31,-0.6136,-47.3561,84.97,71,59,13.67
534,Dromolaxia,CY,2021-05-24 17:03:32,34.8761,33.586,83.44,50,0,10.36
535,Qom,IR,2021-05-24 17:03:32,34.6401,50.8764,85.19,21,61,11.59
536,Kapoeta,SS,2021-05-24 17:03:32,4.7717,33.5903,76.93,68,66,7.29
537,Caravelas,BR,2021-05-24 17:03:33,-17.7125,-39.2481,85.12,58,21,12.46
538,Nagua,DO,2021-05-24 17:03:33,19.3832,-69.8474,88.45,65,75,8.61
539,Taoudenni,ML,2021-05-24 17:03:33,22.6783,-3.9836,112.03,8,35,8.43
540,Bichena,ET,2021-05-24 17:03:34,10.45,38.2,67.62,36,87,5.55
541,Byron Bay,AU,2021-05-24 17:01:33,-28.65,153.6167,63.88,81,30,7.27
542,Gondar,ET,2021-05-24 17:03:34,12.6,37.4667,72.14,27,58,5.39
543,Winneba,GH,2021-05-24 17:03:34,5.3511,-0.6231,83.62,70,23,9.66
544,Port Augusta,AU,2021-05-24 17:03:35,-32.5,137.7667,70.7,34,100,18.28
545,Bonao,DO,2021-05-24 17:03:35,18.9369,-70.4092,86.41,62,79,5.5
546,Araouane,ML,2021-05-24 17:03:36,18.9048,-3.5265,108.09,11,70,5.03
547,Jaipur,IN,2021-05-24 17:03:36,26.9167,75.8167,88.92,27,0,6.11
548,Taywarah,AF,2021-05-24 17:03:36,33.35,64.4167,56.5,38,89,1.72
549,Magaria,NE,2021-05-24 17:03:36,12.9983,8.9099,103.1,6,31,11.27
550,Krusevac,RS,2021-05-24 17:03:37,43.58,21.3339,79.16,75,86,6.02
551,Ostrovnoy,RU,2021-05-24 17:03:37,68.0531,39.5131,35.19,79,88,16.2
552,Katubao,PH,2021-05-24 17:03:38,5.8892,124.8294,80.46,83,92,2.48
553,Colares,PT,2021-05-24 17:03:38,38.7992,-9.4469,68.29,59,20,13.0
554,Meadow Lake,US,2021-05-24 17:03:38,34.8014,-106.5436,76.6,8,0,5.77
